word,phonetic,translation,tags
ability,/əˈbɪləti/,"n. 能力, 才能",cet4
able,/ˈeɪbl/,"adj. 能够的, 有能力的",cet4
about,/əˈbaʊt/,"prep. 关于\nadv. 大约",cet4
above,/əˈbʌv/,"prep. 在…上面\nadj. 上文的",cet4
accept,/əkˈsept/,"v. 接受, 认可",cet4
accident,/ˈæksɪdənt/,"n. 事故, 意外",cet4
achieve,/əˈtʃiːv/,"v. 达到, 实现",cet4
across,/əˈkrɒs/,"prep. 横过, 穿过",cet4
act,/ækt/,"v. 行动, 表演\nn. 行为, 法案",cet4
action,/ˈækʃn/,"n. 行动, 行为, 作用",cet4
active,/ˈæktɪv/,"adj. 积极的, 活跃的",cet4
actor,/ˈæktə/,"n. 演员, 行动者",cet4
actually,/ˈæktʃuəli/,"adv. 实际上, 事实上",cet4
add,/æd/,"v. 添加, 增加, 补充",cet4
address,/əˈdres/,"n. 地址, 演讲\nv. 处理, 致辞",cet4
admire,/ədˈmaɪə/,"v. 钦佩, 赞赏",cet4
admit,/ədˈmɪt/,"v. 承认, 准许进入",cet4
advance,/ədˈvɑːns/,"v. 前进, 促进\nn. 进步, 预付款",cet4
advantage,/ədˈvɑːntɪdʒ/,"n. 优势, 好处",cet4
adventure,/ədˈventʃə/,"n. 冒险, 奇遇",cet4
advice,/ədˈvaɪs/,"n. 建议, 忠告",cet4
advise,/ədˈvaɪz/,"v. 建议, 劝告",cet4
afford,/əˈfɔːd/,"v. 负担得起, 提供",cet4
afraid,/əˈfreɪd/,"adj. 害怕的, 担心的",cet4
after,/ˈɑːftə/,"prep. 在…之后\nconj. 在…以后",cet4
afternoon,/ˌɑːftəˈnuːn/,"n. 下午",cet4
again,/əˈɡen/,"adv. 再次, 又",cet4
against,/əˈɡenst/,"prep. 反对, 违反, 靠着",cet4
age,/eɪdʒ/,"n. 年龄, 时代\nv. 变老",cet4
ago,/əˈɡəʊ/,"adv. 以前",cet4
agree,/əˈɡriː/,"v. 同意, 一致",cet4
ahead,/əˈhed/,"adv. 在前面, 领先",cet4
aim,/eɪm/,"n. 目标, 目的\nv. 瞄准, 旨在",cet4
air,/eə/,"n. 空气, 天空, 神态",cet4
airport,/ˈeəpɔːt/,"n. 机场, 航空港",cet4
alarm,/əˈlɑːm/,"n. 警报, 惊慌\nv. 使惊恐",cet4
alive,/əˈlaɪv/,"adj. 活着的, 有活力的",cet4
allow,/əˈlaʊ/,"v. 允许, 承认",cet4
almost,/ˈɔːlməʊst/,"adv. 几乎, 差不多",cet4
alone,/əˈləʊn/,"adj. 单独的, 独自的",cet4
along,/əˈlɒŋ/,"prep. 沿着\nadv. 向前",cet4
already,/ɔːlˈredi/,"adv. 已经, 早已",cet4
also,/ˈɔːlsəʊ/,"adv. 也, 而且",cet4
although,/ɔːlˈðəʊ/,"conj. 虽然, 尽管",cet4
always,/ˈɔːlweɪz/,"adv. 总是, 永远",cet4
amazing,/əˈmeɪzɪŋ/,"adj. 令人惊奇的, 极好的",cet4
ambition,/æmˈbɪʃn/,"n. 雄心, 抱负",cet4
among,/əˈmʌŋ/,"prep. 在…之中, 在…中间",cet4
amount,/əˈmaʊnt/,"n. 数量, 总额\nv. 合计",cet4
ancient,/ˈeɪnʃənt/,"adj. 古代的, 古老的",cet4
anger,/ˈæŋɡə/,"n. 愤怒\nv. 使发怒",cet4
angle,/ˈæŋɡl/,"n. 角度, 角, 观点",cet4
angry,/ˈæŋɡri/,"adj. 生气的, 愤怒的",cet4
animal,/ˈænɪml/,"n. 动物\nadj. 动物的",cet4
anniversary,/ˌænɪˈvɜːsəri/,"n. 周年纪念日",cet4
announce,/əˈnaʊns/,"v. 宣布, 声明",cet4
annoy,/əˈnɔɪ/,"v. 使烦恼, 打扰",cet4
annual,/ˈænjuəl/,"adj. 每年的, 年度的",cet4
answer,/ˈɑːnsə/,"n. 回答, 答案\nv. 回答",cet4
anxious,/ˈæŋkʃəs/,"adj. 焦虑的, 渴望的",cet4
any,/ˈeni/,"det. 任何的\npron. 任何一个",cet4
apologize,/əˈpɒlədʒaɪz/,"v. 道歉, 认错",cet4
appear,/əˈpɪə/,"v. 出现, 显得, 出版",cet4
apple,/ˈæpl/,"n. 苹果",cet4
apply,/əˈplaɪ/,"v. 申请, 应用, 涂抹",cet4
appreciate,/əˈpriːʃieɪt/,"v. 感激, 欣赏, 理解",cet4
approach,/əˈprəʊtʃ/,"n. 方法, 接近\nv. 接近, 处理",cet4
approve,/əˈpruːv/,"v. 批准, 赞成",cet4
April,/ˈeɪprəl/,"n. 四月",cet4
architecture,/ˈɑːkɪtektʃə/,"n. 建筑学, 建筑风格",cet4
area,/ˈeəriə/,"n. 地区, 领域, 面积",cet4
argue,/ˈɑːɡjuː/,"v. 争论, 辩论, 主张",cet4
arise,/əˈraɪz/,"v. 出现, 产生, 起身",cet4
around,/əˈraʊnd/,"prep. 围绕\nadv. 大约, 到处",cet4
arrange,/əˈreɪndʒ/,"v. 安排, 整理, 筹备",cet4
arrest,/əˈrest/,"v. 逮捕, 阻止\nn. 逮捕",cet4
arrive,/əˈraɪv/,"v. 到达, 达成",cet4
art,/ɑːt/,"n. 艺术, 美术, 技艺",cet4
article,/ˈɑːtɪkl/,"n. 文章, 物品, 条款",cet4
artist,/ˈɑːtɪst/,"n. 艺术家, 画家",cet4
as,/æz/,"conj. 因为, 正如, 当…时\nprep. 作为",cet4
ashamed,/əˈʃeɪmd/,"adj. 羞愧的, 惭愧的",cet4
aside,/əˈsaɪd/,"adv. 在旁边, 到一边",cet4
ask,/ɑːsk/,"v. 问, 请求, 邀请",cet4
asleep,/əˈsliːp/,"adj. 睡着的",cet4
aspect,/ˈæspekt/,"n. 方面, 外观, 方向",cet4
assess,/əˈses/,"v. 评估, 估价",cet4
assist,/əˈsɪst/,"v. 协助, 帮助",cet4
associate,/əˈsəʊʃieɪt/,"v. 联想, 交往\nn. 同事",cet4
assume,/əˈsjuːm/,"v. 假定, 承担, 呈现",cet4
attach,/əˈtætʃ/,"v. 附上, 系上, 使附属",cet4
attempt,/əˈtempt/,"n. 尝试, 努力\nv. 试图",cet4
attend,/əˈtend/,"v. 出席, 上(学), 照料",cet4
attention,/əˈtenʃn/,"n. 注意, 关注",cet4
attitude,/ˈætɪtjuːd/,"n. 态度, 看法",cet4
attract,/əˈtrækt/,"v. 吸引, 引起",cet4
audience,/ˈɔːdiəns/,"n. 观众, 听众, 读者",cet4
August,/ˈɔːɡəst/,"n. 八月",cet4
aunt,/ɑːnt/,"n. 姑姑, 阿姨, 舅妈",cet4
author,/ˈɔːθə/,"n. 作者, 作家",cet4
autumn,/ˈɔːtəm/,"n. 秋天, 秋季",cet4
available,/əˈveɪləbl/,"adj. 可获得的, 有空的",cet4
average,/ˈævərɪdʒ/,"adj. 平均的, 普通的\nn. 平均数",cet4
avoid,/əˈvɔɪd/,"v. 避免, 躲开",cet4
awake,/əˈweɪk/,"adj. 醒着的\nv. 唤醒",cet4
award,/əˈwɔːd/,"n. 奖励, 奖品\nv. 授予",cet4
aware,/əˈweə/,"adj. 意识到的, 知道的",cet4
away,/əˈweɪ/,"adv. 离开, 远处",cet4
awful,/ˈɔːfl/,"adj. 糟糕的, 可怕的",cet4
baby,/ˈbeɪbi/,"n. 婴儿, 宝贝",cet4
back,/bæk/,"adv. 回原处\nn. 背部, 后面",cet4
background,/ˈbækɡraʊnd/,"n. 背景, 底色, 经历",cet4
backward,/ˈbækwəd/,"adj. 向后的, 落后的",cet4
bad,/bæd/,"adj. 坏的, 严重的",cet4
badly,/ˈbædli/,"adv. 严重地, 糟糕地",cet4
bag,/bæɡ/,"n. 包, 袋",cet4
balance,/ˈbæləns/,"n. 平衡, 余额\nv. 使平衡",cet4
ball,/bɔːl/,"n. 球, 舞会",cet4
ban,/bæn/,"v. 禁止\nn. 禁令",cet4
band,/bænd/,"n. 乐队, 带子, 波段",cet4
abandon,/əˈbændən/,"v. 放弃, 抛弃",cet6
abolish,/əˈbɒlɪʃ/,"v. 废除, 取消",cet6
abrupt,/əˈbrʌpt/,"adj. 突然的, 生硬的",cet6
absorb,/əbˈzɔːb/,"v. 吸收, 使专注",cet6
abstract,/ˈæbstrækt/,"adj. 抽象的\nn. 摘要",cet6
absurd,/əbˈsɜːd/,"adj. 荒谬的, 荒唐的",cet6
abundant,/əˈbʌndənt/,"adj. 丰富的, 充裕的",cet6
accelerate,/əkˈseləreɪt/,"v. 加速, 促进",cet6
accessory,/əkˈsesəri/,"n. 配件, 附件, 同谋",cet6
accommodate,/əˈkɒmədeɪt/,"v. 容纳, 供应, 使适应",cet6
accompany,/əˈkʌmpəni/,"v. 陪伴, 伴随",cet6
accomplish,/əˈkʌmplɪʃ/,"v. 完成, 实现",cet6
account,/əˈkaʊnt/,"n. 账户, 描述, 解释\nv. 解释",cet6
accumulate,/əˈkjuːmjəleɪt/,"v. 积累, 堆积",cet6
accuse,/əˈkjuːz/,"v. 指控, 控告",cet6
accustom,/əˈkʌstəm/,"v. 使习惯于",cet6
acknowledge,/əkˈnɒlɪdʒ/,"v. 承认, 答谢, 告知收到",cet6
acquaint,/əˈkweɪnt/,"v. 使熟悉, 使认识",cet6
acquire,/əˈkwaɪə/,"v. 获得, 取得, 学到",cet6
acute,/əˈkjuːt/,"adj. 敏锐的, 急性的, 严重的",cet6
adapt,/əˈdæpt/,"v. 适应, 改编",cet6
adequate,/ˈædɪkwət/,"adj. 充足的, 适当的",cet6
adhere,/ədˈhɪə/,"v. 黏附, 坚持, 遵守",cet6
adjacent,/əˈdʒeɪsnt/,"adj. 邻近的, 毗连的",cet6
adjust,/əˈdʒʌst/,"v. 调整, 适应",cet6
administer,/ədˈmɪnɪstə/,"v. 管理, 执行, 给予",cet6
adolescent,/ˌædəˈlesnt/,"n. 青少年\nadj. 青春期的",cet6
adopt,/əˈdɒpt/,"v. 采用, 收养, 通过",cet6
adore,/əˈdɔː/,"v. 崇拜, 热爱",cet6
advocate,/ˈædvəkeɪt/,"v. 提倡, 拥护\nn. 拥护者",cet6
aerial,/ˈeəriəl/,"adj. 空中的, 航空的\nn. 天线",cet6
aesthetic,/iːsˈθetɪk/,"adj. 美学的, 审美的",cet6
affiliate,/əˈfɪlieɪt/,"v. 使附属, 加入\nn. 分支机构",cet6
aggravate,/ˈæɡrəveɪt/,"v. 加重, 使恶化",cet6
aggregate,/ˈæɡrɪɡət/,"n. 总计\nadj. 合计的",cet6
agitate,/ˈædʒɪteɪt/,"v. 搅动, 煽动, 使不安",cet6
alleviate,/əˈliːvieɪt/,"v. 减轻, 缓和",cet6
allocate,/ˈæləkeɪt/,"v. 分配, 拨出",cet6
alter,/ˈɔːltə/,"v. 改变, 更改",cet6
alternate,/ˈɔːltənət/,"adj. 交替的, 间隔的\nv. 轮流",cet6
ambiguous,/æmˈbɪɡjuəs/,"adj. 模棱两可的, 分歧的",cet6
amend,/əˈmend/,"v. 修改, 修正",cet6
amiable,/ˈeɪmiəbl/,"adj. 和蔼的, 亲切的",cet6
ample,/ˈæmpl/,"adj. 充足的, 宽敞的",cet6
amplify,/ˈæmplɪfaɪ/,"v. 放大, 增强, 详述",cet6
analogy,/əˈnælədʒi/,"n. 类比, 类推",cet6
anonymous,/əˈnɒnɪməs/,"adj. 匿名的, 无名的",cet6
antarctic,/ænˈtɑːktɪk/,"adj. 南极的\nn. 南极洲",cet6
antique,/ænˈtiːk/,"n. 古董, 古物\nadj. 古老的",cet6
applaud,/əˈplɔːd/,"v. 鼓掌, 称赞",cet6
appraise,/əˈpreɪz/,"v. 评估, 估价",cet6
apt,/æpt/,"adj. 恰当的, 易于…的, 聪明的",cet6
arbitrary,/ˈɑːbɪtrəri/,"adj. 任意的, 专断的",cet6
arcade,/ɑːˈkeɪd/,"n. 拱廊, 有拱廊的街道",cet6
arch,/ɑːtʃ/,"n. 拱, 拱门\nv. 使成拱形",cet6
arctic,/ˈɑːktɪk/,"adj. 北极的\nn. 北极",cet6
arena,/əˈriːnə/,"n. 竞技场, 舞台",cet6
armor,/ˈɑːmə/,"n. 盔甲, 装甲",cet6
array,/əˈreɪ/,"n. 数组, 排列, 大量\nv. 排列",cet6
arrears,/əˈrɪəz/,"n. 欠款, 待完成的事",cet6
articulate,/ɑːˈtɪkjuleɪt/,"adj. 表达清晰的\nv. 清楚表达",cet6
ascend,/əˈsend/,"v. 上升, 攀登",cet6
ascertain,/ˌæsəˈteɪn/,"v. 查明, 确定",cet6
ascribe,/əˈskraɪb/,"v. 归因于, 认为…属于",cet6
ashen,/ˈæʃn/,"adj. 灰色的, 苍白的",cet6
asinine,/ˈæsɪnaɪn/,"adj. 愚蠢的, 驴一样的",cet6
aspire,/əˈspaɪə/,"v. 渴望, 追求",cet6
assassinate,/əˈsæsɪneɪt/,"v. 暗杀, 行刺",cet6
assault,/əˈsɔːlt/,"n. 攻击, 袭击\nv. 攻击",cet6
assert,/əˈsɜːt/,"v. 断言, 主张, 维护",cet6
assimilate,/əˈsɪməleɪt/,"v. 同化, 吸收",cet6
assent,/əˈsent/,"n. 同意, 赞成\nv. 赞成",cet6
assorted,/əˈsɔːtɪd/,"adj. 各式各样的, 混合的",cet6
assortment,/əˈsɔːtmənt/,"n. 分类, 各种各样",cet6
astound,/əˈstaʊnd/,"v. 使震惊, 使大吃一惊",cet6
astrological,/ˌæstrəˈlɒdʒɪkl/,"adj. 占星的, 占星术的",cet6
atlas,/ˈætləs/,"n. 地图集, 大块绘图纸",cet6
attic,/ˈætɪk/,"n. 阁楼, 顶楼",cet6
attorney,/əˈtɜːni/,"n. 律师, 代理人",cet6
auction,/ˈɔːkʃn/,"n. 拍卖\nv. 拍卖",cet6
